server,concurrency,duration_s,requests_per_sec,total_requests,success_count,error_count,success_rate_pct,p50_ms,p90_ms,p99_ms,rss_before_kb,rss_after_kb,alive_after,peak_established_conns,greenthread_live,greenthread_carriers,hey_exit
m31,100,10,78645.5660,786754,786754,0,100.000,1.000,2.300,5.200,5912,22388,1,101,120,12,0
m31,250,10,75946.5901,759629,759629,0,100.000,2.600,6.500,12.600,5992,38028,1,251,251,12,0
m31,500,10,73467.4718,734869,734869,0,100.000,5.400,13.900,25.500,5904,56684,1,527,528,12,0
m31,1000,10,70048.1390,701606,701606,0,100.000,11.100,29.500,55.400,6008,95012,1,1096,1097,12,0
m31,2500,10,47369.1727,561878,561878,0,100.000,36.600,95.600,184.600,5992,282240,1,2097,2744,12,0
m31,5000,10,35737.0478,404020,404020,0,100.000,95.900,274.300,787.300,5988,577132,1,7815,8280,12,0
m31,10000,10,26055.8318,269642,269642,0,100.000,251.100,971.600,2295.300,5816,1163552,1,9952,9275,12,0
go,100,10,62043.8453,620595,620595,0,100.000,1.200,3.600,6.700,6660,14640,1,102,,,0
go,250,10,61965.9373,619764,619764,0,100.000,2.900,9.200,17.400,6676,19696,1,252,,,0
go,500,10,59775.6887,598005,598005,0,100.000,6.000,19.200,36.300,6684,28000,1,531,,,0
go,1000,10,54826.3286,549743,549743,0,100.000,13.900,40.600,73.900,6684,45788,1,1021,,,0
go,2500,10,46103.8875,462675,462675,0,100.000,46.800,118.700,206.400,6636,121512,1,4561,,,0
go,5000,10,43676.8151,442343,442343,0,100.000,111.900,255.800,424.900,6684,183520,1,3948,,,0
go,10000,10,35814.0222,364790,364790,0,100.000,240.300,700.100,1147.300,6644,314820,1,8313,,,0
m31,20000,10,16418.4673,169468,169468,0,100.000,690.600,2966.300,4520.100,5992,1601880,1,18639,19030,12,0
go,20000,10,25252.5083,260292,260292,0,100.000,551.500,2142.500,3948.900,6684,472388,1,18964,,,0
m31,10000,10,26345.3366,268160,268160,0,100.000,271.400,915.700,2584.700,5936,1144000,1,11775,12251,12,0
go,10000,10,37211.4572,377695,377695,0,100.000,237.100,621.400,1137.300,6660,355300,1,8459,,,0
